"Genename","effect_size"
"FASN",1.44839551036228
"CHP1",1.33817475292725
"HNF1B",0.955733178864127
"YPEL5",0.814693458853185
"GPI",0.777474486035391
"PCGF1",0.718659940321001
"SLC2A1",0.714375552682144
"VKORC1L1",0.695928087599896
"UBR4",0.676594565534238
"UBC",0.664650125960036
"CDKN2C",0.593145805957797
"TIMM22",0.55788958491116
"SPN",0.557256155689248
"WWTR1",0.548187091460636
"STARD7",0.522894685586448
"CCND1",0.521584992150196
"HK2",0.494107262107451
"MAEA",0.484758152070173
"STOML2",0.480153810460454
"BIRC6",0.467707059270739
"PTK2",0.4649577962528
"EIF1",0.463111701355228
"MARK2",0.449629862387608
"CEPT1",0.448781379891739
"ATP6V1B2",0.446108751560327
"INTS9",0.445449252843872
"SSR3",0.444640605427981
"PGP",0.438997338006612
"TRAPPC13",0.435966077722532
"PPP1R2",0.425353441978273
"NCKAP1",0.398004996704524
"SLC25A37",0.394528021953963
"SLC25A28",0.383883010861766
"BRF2",0.372486778408991
"ILK",0.365369450468045
"VPS28",0.363234382093547
"USPL1",0.36287534496483
"ALG11",0.361115542625483
"CERS6",0.344733232506218
"ENY2",0.340028956214697
"MTBP",0.331520416250779
"PUF60",0.317152172681251
"STAMBP",0.316149348701145
"COPS2",0.315404265911295
"BCAR1",0.314330188424048
"SPPL2C",0.313004685609941
"IP6K3",0.309252250128142
"ETF1",0.308213566768921
"NUFIP1",0.305780902076882
"RAB42",0.304487093391597
"RPL8",0.302398775554108
"ASH2L",0.301588888890124
"SMG6",0.301078458466119
"WDR26",0.294247909616565
"KLHDC8A",0.294172859987339
"MAK16",0.289982883632459
"KRT19",0.288969855386269
"RGPD2",0.288451122303285
"PSMB1",0.285342460175948
"EIF3A",0.281485948260065
"MMP21",0.272840023529624
"CXCL12",0.270756426944955
"XYLT2",0.26787232361045
"COL8A2",0.267008408031128
"FCN2",0.264736217624406
"TCTE1",0.263651647172547
"PAF1",0.26300958186615
"EXTL2",0.262661460234382
"ITGB5",0.262138011850985
"HAP1",0.261083121905461
"FAM214B",0.259528482078956
"BRI3",0.25914530745094
"XAB2",0.258797988246251
"SNW1",0.257454515841225
"CWC22",0.252320530676308
"U2AF2",0.247592606004042
"CDC16",0.247298352566513
"RBMXL2",0.245310162936572
"TGFBR1",0.243995171051306
"TUBE1",0.242181695370558
"TUBGCP3",0.241583958397448
"ADAR",0.23813022660658
"DACT2",0.23790903460499
"IQCF1",0.237639777767437
"CACNG1",0.237475051655189
"AVPR1B",0.237326334679216
"VCL",0.236659433211934
"SSBP3",0.236008577825998
"BCLAF1",0.235965141291088
"DNAJB11",0.235042057076587
"PTPRG",0.234228790363245
"MPZL1",0.233806722151991
"KLHL40",0.233322093081789
"KRT20",0.23325010915616
"AADACL4",0.231589805835964
"SLC39A7",0.230811597510332
"UTS2R",0.228813456694933
"UBR2",0.228521710255906
"GTF2A1",0.228071361013299
"NUS1",0.22665938359463
"DCAF4L2",0.223642756245268
"STX18",0.223251965014164
"TACR1",0.223099980408958
"KLHL12",0.222813415309785
"SPINK14",0.221070661921184
"DHX16",0.221057784924537
"CDV3",0.220781078005077
"TEAD1",0.220393435704318
"CDH26",0.218984179661947
"RCSD1",0.218802897596927
"OLFM4",0.218407306047517
"FAM26E",0.217227709351914
"MICU3",0.217222831088394
"GBX2",0.21707077287674
"CRK",0.215444527438217
"BARHL2",0.215086389333012
"RNF41",0.211229366225992
"PCSK9",0.209812974314948
"THEM5",0.208324194353734
"ARHGEF33",0.20794739818565
"TEAD4",0.206508485521817
"NPC2",0.205936240715683
"ABCB4",0.205582045252572
"RIMKLA",0.20267729391231
"PTGR1",0.201437538119192
"DLG5",0.201259405419104
"ABCA4",0.201067117002344
"GPR61",0.200782658066158
"CASQ2",0.200363372003902
"TUBB8",0.20009745470527
"SERPINA12",0.200000261358902
"DACT1",0.198948846222331
"EIF5",0.198694067150993
"ZNF444",0.197078918263485
"SLC5A9",0.196977357698933
"POLR1C",0.195051190154486
"DKK3",0.19503323464963
"DYNC1LI2",0.19464996628985
"GPR37L1",0.193794029203568
"KLHL14",0.193342485950935
"IL36B",0.193270823408999
"NPM3",0.19091201209122
"PELI3",0.190232993502081
"CGA",0.189638241830527
"CRYGD",0.189573549667413
"GMEB2",0.189441201683124
"NFASC",0.189052085109468
"VWA2",0.187368688880858
"OR2W3",0.187347217414845
"PRLH",0.186906095486845
"AGL",0.185859792954876
"AGK",0.185235546682587
"EVA1A",0.184840205137754
"TRIM3",0.184367824519475
"PPIL4",0.183763966492809
"TRAPPC12",0.183654627239629
"HOXC4",0.183449417633565
"OPA1",0.183435009294191
"FFAR4",0.183302816837618
"SMYD1",0.182980781453048
"SLC25A33",0.182554682206327
"RNF25",0.182013730229322
"SNRPC",0.180782935038841
"CNOT6L",0.17977970117102
"RTP3",0.178624070330746
"OR4D1",0.177845723389985
"EEF1B2",0.177340876268085
"LRRC10",0.177288857653588
"CADPS",0.177059297249069
"NREP",0.17602341014548
"PCDHA3",0.175147271767295
"CACNA1S",0.174902532130659
"ALG6",0.174689751700117
"TRPM5",0.174262155117979
"SCGN",0.174081467216817
"CYP46A1",0.173677373202435
"TK2",0.173599098974247
"ETV3L",0.172189133396097
"KRT23",0.171995833708829
"KCNA3",0.171938408090718
"SYNPR",0.171725403134883
"ADAMTSL2",0.169679587281193
"ADCY10",0.169415669892976
"HOXD12",0.168289304946901
"SREBF2",0.167838394909093
"MYOM3",0.16771248469962
"RNF181",0.16745246443417
"KIF1A",0.167357280570678
"SERPINA4",0.167267194065443
"PLEKHA6",0.1667247755702
"DCLK3",0.166244751914075
"COL11A2",0.164875722974758
"SOHLH1",0.164821485144334
"TDRD6",0.163425005588879
"KRT14",0.163187745443441
"TBKBP1",0.162674984138
"COX8C",0.162530863172524
"SRSF3",0.161848674438925
"RAB3B",0.161379250028252
"CA5A",0.160683928381332
"RAPGEF1",0.159831937650094
"BPIFB1",0.159822361018661
"HSPA2",0.159521694135057
"DMRTB1",0.158843903638943
"SLC34A1",0.158426648367692
"TTLL6",0.158354471579225
"FOXE3",0.157927341672226
"KCNK10",0.157275999712934
"CAPN13",0.155945684769192
"DNTT",0.155650716561463
"CABP2",0.155417118013207
"FAM133B",0.15500831854799
"TSSK3",0.154443803239199
"FOXQ1",0.153924212008822
"CD8B",0.153640132123517
"MYL1",0.153542342302033
"NACC1",0.152161081969981
"KCNAB1",0.152159076432883
"GDE1",0.151899542192292
"SPRY4",0.151724143480722
"ZSCAN20",0.151670467115283
"EBPL",0.151443868220027
"LRIT1",0.151356326613173
"LHX9",0.151234048414144
"KCNG1",0.149784104003997
"SFRP5",0.149560501895963
"LALBA",0.148090137017261
"CMTM5",0.147346129550326
"LIN28B",0.147018689946255
"ANGPTL1",0.14662488086991
"SCN11A",0.146606610660275
"LIMA1",0.1465323057472
"MAT1A",0.145866889563624
"MYCL",0.145729169835681
"GPR6",0.145610645763261
"OR4D11",0.14532388331301
"FAM20B",0.145186408457813
"PIGZ",0.14515649533021
"TOMM20L",0.145147311389992
"MAP3K19",0.144893217806398
"LRP5",0.144416316983636
"SP8",0.144250921913496
"CD96",0.144035101162462
"KCNA10",0.143778117643718
"CNTFR",0.143633244206567
"KIF21A",0.143351407426248
"NTNG1",0.141702126672923
"GP2",0.141277723733003
"CPPED1",0.141065062632736
"MAN1A1",0.140996677512878
"PDGFA",0.139775176886944
"CPA3",0.138756312734518
"DNER",0.13863809933131
"DDR1",0.138375766257739
"PRIMA1",0.138205480397191
"SLC32A1",0.138181570366561
"AANAT",0.137382488164699
"PDE7B",0.136882667321037
"TFAP2E",0.136793898854053
"PCK2",0.135696548264995
"GLDN",0.135361015027342
"RPL7L1",0.135194818722045
"GJA4",0.135144027417828
"TMEM9",0.134787920076997
"NLRP10",0.134681411575851
"BCAS3",0.134590873579373
"CD1E",0.133647166324224
"PI16",0.133303432536549
"C2orf27B",0.133084003815843
"C6orf58",0.132310723264634
"OR10H3",0.131754552180808
"XDH",0.131526133352791
"CEBPB",0.130816487806268
"LGR6",0.130243232569838
"LYG1",0.130187441381099
"NR1I2",0.13007782153097
"KHK",0.129662090861243
"IL1A",0.129424002545154
"GP9",0.129336966039982
"MCF2L",0.128134698144475
"TMEM108",0.128085002965309
"PDE11A",0.128050162503101
"PSD2",0.127658436925074
"TRIM17",0.127211397979793
"C2orf16",0.126885856645047
"NCOA1",0.126691125641085
"HOXD4",0.126565628600106
"ARHGAP23",0.126066944107778
"ZMYM6",0.125709958666561
"SEMA5B",0.125692557850853
"RAB38",0.12538740792174
"LRRC71",0.125244394742028
"DYNC1I1",0.12522434259417
"CGGBP1",0.124877070635655
"KCNJ11",0.124275564796061
"PTPRN2",0.123985749141826
"ORMDL3",0.123806927554569
"SLC25A44",0.123201458430935
"MYOD1",0.122908336923619
"NPAP1",0.122829920534969
"FABP3",0.12010976399632
"ENAH",0.120027989129344
"PHYHIPL",0.119792192735349
"CDYL2",0.119201939463798
"GPC5",0.118251482234902
"FOXJ2",0.118223448991062
"IMPG2",0.115762952840231
"POMGNT1",0.114699124242663
"TCL1A",0.114603102127635
"HOXC6",0.114438403075056
"SLC45A3",0.114367561696288
"CLVS2",0.114055263929128
"NECAB2",0.113608009945766
"CLCA4",0.113035044909546
"NEUROD1",0.111386839851664
"SHCBP1L",0.110514788390603
"SLC30A2",0.109868670461403
"FBLN5",0.109616192335605
"SFXN1",0.109256304449175
"PAX5",0.109254755968647
"ALS2CL",0.108262919553987
"C1orf105",0.108171293745329
"PSEN2",0.108088170310916
"SH3TC2",0.107881799971078
"TMEM63A",0.107058038157347
"COL11A1",0.106199215733999
"PRM2",0.106187216936571
"FLG2",0.106085679482217
"ITIH1",0.106022729922425
"CNGA3",0.105671179453192
"ATP6V1B1",0.104622192126819
"DGKA",0.103828599434592
"MARC2",0.103270924589516
"ANKRD20A2",0.103017719506601
"NHLH1",0.102512662377246
"RFPL4B",0.101210211052757
"ADCY4",0.098523261796077
"FBXL4",0.098443469781842
"PCDH20",0.097441859793861
"FRZB",0.094276206231156
"EFCAB1",0.093774932233216
"USP53",0.092492862150877
"GK2",0.092324795568115
"AGFG2",0.090475988553426
"KCNJ3",0.090143548242689
"GRIK3",0.088521454973436
"STAT1",0.087116526564658
"CHST10",0.085081529316528
"DHRS2",0.084687681780883
"KLHL32",0.083628366957676
"CD5",0.081170439607185
"HIBCH",0.080615740756862
"COL10A1",0.073702933469649
"NCSTN",0.072900147515316
"TMEM50B",0.0692827400938
"DIAPH3",0.06689205319668
"SESN1",0.064856594407907
"ADORA2A",0.064154615538041
"KLHL20",0.063929153858232
"UBL4B",0.060600890003267
"HOXB6",0.057567089222166
"CALHM3",0.055803746703117
"ZNF560",0.055400941785864
"PTGIR",0.04865624140116
