"","Gene.group","Gene","sgRNA","Mut.Avg.D0","Mut.Avg.D30","Mut.FC","Mut.FC_rank","WT.Avg.D0","WT.Avg.D30","WT.FC","WT.FC_rank","Rank_Diff"
"2642","KRAS CDE Pos","MARCH5","TGGGTGGATGAAAAGCAAAG",57.13666479,106.7103985,1.86763436214212,4885,158.7428022,0,0,382,4503
"4816","KRAS CDE Pos","SPEN","TCACAACATCCTCTTGGTCA",330.8942185,116.9165492,0.353335122414658,4542,285.3031798,0,0,57,4485
"1669","KRAS CDE Pos","FOXG1","AGCGACGACGTGTTCATCGG",193.0483337,108.0339099,0.559621043235143,4658,216.4439893,0,0,180,4478
"2744","KRAS CDE Pos","MRGPRX4","ACTCCAGCATACTAAACAGC",221.6954819,64.21458287,0.289652194621473,4493,248.5466534,0,0,109,4384
"2511","KRAS CDE Pos","LOR","GGCGGTGGCTACTCTGGCGG",229.8295713,72.34843004,0.314791650311885,4510,229.4690175,0,0,148,4362
"3014","KRAS CDE Pos","NOG","AGATAGTGCTGGCCGCCGGC",220.8678664,56.00569048,0.253571021411379,4466,236.1726338,0,0,132,4334
"4161","KRAS CDE Pos","RCN2","TGGTGATGGATTTGTTAGTT",95.66958031,127.1448741,1.32900001952564,4822,132.9384157,0,0,537,4285
"68","KRAS CDE Pos","ADPRHL2","AAAGGCTCCTATGGCAATGG",48.3637247,117.3429123,2.42625879267731,4932,117.2591888,0,0,659,4273
"1048","KRAS CDE Pos","CRYAA","AGAGATGCCGGAGTCCAGCA",54.47750691,10.70243048,0.196455951952446,4388,241.6902734,0,0,122,4266
"3614","KRAS CDE Pos","PBXIP1","CAGACCCTCCATGTCCACGT",53.64989146,11.83663168,0.220627318301754,4417,197.0174933,0,0,227,4190
"2009","KRAS CDE Pos","HLA-DQB1","GTGCTACTTCACCAACGGGA",104.5897962,15.83959711,0.151444956252817,4310,242.6668602,0,0,120,4190
"3668","KRAS CDE Pos","PDZD8","GCAATTGCAGATCTTCAGCG",339.3684777,40.94724259,0.120657177318034,4237,259.2595855,0,0,88,4149
"3852","KRAS CDE Pos","PPID","AGATATCGTACCCAAAACTG",201.8596493,222.497801,1.10224010480335,4786,117.3089838,0,0,655,4131
"3461","KRAS CDE Pos","OR2D3","GCTTGCAGACAGCCACATAC",495.5297869,79.80000748,0.161039779221393,4330,202.4289332,0,0,210,4120
"606","KRAS CDE Pos","C5orf52","TTCACTGGAATTCATTAAGC",160.626087,38.95684694,0.242531257951892,4447,166.2702417,0,0,345,4102
"2258","KRAS CDE Pos","ITGB4","CTCTGGCCCGAAGCCCTCAG",83.19206646,19.18932964,0.230662976129178,4433,167.4927199,0,0,338,4095
"4636","KRAS CDE Pos","SLC35B4","TTCCCAAATCAGCTTCAAAG",129.5603904,25.1826907,0.194370290350715,4384,175.3820914,0,0,305,4079
"4329","KRAS CDE Pos","RTCA","TCTTAGACATGGTGGTACTG",280.6439933,29.89176012,0.106511312672374,4191,238.1756024,0,0,129,4062
"1498","KRAS CDE Pos","EN1","GCTACATCACGGAGCAGCGG",77.24836916,308.1855755,3.98954151202433,4993,83.8077959,0,0,960,4033
"848","KRAS CDE Pos","CELA3B","ACCCACAGGCCACACACGAG",249.8448286,77.20925003,0.30902880985226,4506,139.5788698,0,0,489,4017
"4510","KRAS CDE Pos","SIAH2","GGTGCCAATGAGCAGGACGA",38.64492903,119.8672214,3.10175809371903,4968,82.98397274,0,0,967,4001
"970","KRAS CDE Pos","COX8A","ATCCATTCGTTGCCGCCGGA",177.7612728,13.19596857,0.0742342151479014,4058,260.116753,0,0,86,3972
"485","KRAS CDE Pos","BTNL9","GCTCAAGAGGAGATTCTGGA",84.65129007,13.27101379,0.156772729382221,4320,162.835405,0,0,359,3961
"1165","KRAS CDE Pos","DDAH1","CGTCTTGCTGCACCGAACCC",369.179282,65.92697175,0.178577116767891,4358,148.2722351,0,0,434,3924
"1940","KRAS CDE Pos","GRPEL2","GCCCGCCCACAGCGACCGTA",202.4269595,15.83959711,0.0782484563771754,4081,218.111465,0,0,179,3902
"4630","KRAS CDE Pos","SLC35B4","ATTTGGGAAACACTCCAAGG",104.9683416,8.058801938,0.0767736425589104,4072,209.6241847,0,0,194,3878
"4175","KRAS CDE Pos","RERGL","AGTGAGCTTCACTGGGCAGA",102.8318917,154.9523395,1.50685100641789,4850,82.35947711,0,0,974,3876
"2672","KRAS CDE Pos","MEOX2","TATGGTCAGATCTTCCATGG",92.4846012,13.69911101,0.148123155987615,4302,149.6075967,0,0,427,3875
"686","KRAS CDE Pos","CC056","GGAGTAGATGACAGGCCAGA",181.1132235,10.27433326,0.0567287857918337,3950,268.6671955,0,0,76,3874
"2036","KRAS CDE Pos","HOXA4","GCTCTCGAACCGCCTACACC",35.32512731,80.60845933,2.28190145282735,4923,74.33041392,0,0,1072,3851
"1701","KRAS CDE Pos","FZD9","GCTGACTGGGCTTTGCTACG",75.66054955,17.90503798,0.236649589336746,4440,117.9833482,0,0,646,3794
"2977","KRAS CDE Pos","NKD2","CCTCATAGATGGTGTGCATG",187.19797,20.1205693,0.107482839156856,4194,153.6370373,0,0,404,3790
"2628","KRAS CDE Pos","MAP2K2","TCATCAAGAACCCAGCGGAG",108.9778229,11.1305277,0.102135713522315,4174,154.4941309,0,0,398,3776
"5556","KRAS CDE Pos","ZIC1","GCGCAGCCTTCAACTCCACG",177.5113234,19.18932964,0.108102003142409,4196,147.0697339,0,0,440,3756
"2862","KRAS CDE Pos","NAGK","GCGGTGCCCAGACAGCTGGA",90.63336297,180.0786907,1.98689185526092,4893,64.92287777,0,0,1181,3712
"3616","KRAS CDE Pos","PBXIP1","GCAGGTCCTCCCAGACCCCG",100.8333777,202.4149394,2.00742000334677,4895,63.09580714,0,0,1196,3699
"4251","KRAS CDE Pos","ROBO3","AGCATCCCCACGCTGCACCG",443.5092039,18.83627764,0.0424709960342719,3847,223.9579877,0,0,167,3680
"1519","KRAS CDE Pos","ETF1","AGATATGTTCTTCATTGCCA",156.1167069,53.94024961,0.345512345738571,4537,89.37530432,0,0,904,3633
"2533","KRAS CDE Pos","LRRN1","GGACACTTCGGAAAGCCAAG",346.5504849,74.26544059,0.214299052593823,4407,99.7162421,0,0,807,3600
"1202","KRAS CDE Pos","DDX60","CCAGTTTGGAAACAATTCGT",148.295849,4.709069411,0.0317545598393654,3729,225.8148762,0,0,159,3570
"4901","KRAS CDE Pos","SYNJ1","GCAGAAAAAGAGGCAATCAA",470.8952332,11.98672214,0.0254551783388068,3617,285.4726894,0,0,56,3561
"2012","KRAS CDE Pos","HLA-DQB1","TTGCTACCCGAAGGTCTCCG",131.4821533,14.55530545,0.110701757498521,4208,117.2757872,0,0,657,3551
"2867","KRAS CDE Pos","NAGK","TGATTAAGTAGCTTTCACTC",273.7834761,11.1305277,0.0406544903971288,3822,182.9194456,0,0,277,3545
"2604","KRAS CDE Pos","MAGOHB","TCTGGAGTTCGAATTTCGGC",136.9861204,8.990041602,0.0656273903936329,4017,139.8478956,0,0,483,3534
"3613","KRAS CDE Pos","PBXIP1","CAAGTATGTTCTTAGCAGAG",186.4118435,142.5955197,0.764948819896199,4723,63.51436543,0,0,1191,3532
"1860","KRAS CDE Pos","GPN3","ATTCACCTGGACAATCAAAA",134.8050683,10.70243048,0.0793918998370479,4090,128.1216536,0,0,570,3520
"3397","KRAS CDE Pos","OCEL1","ACCCGCCAGTGAGCAGTGAG",80.42400838,22.2610554,0.276796143942708,4483,82.31291322,0,0,975,3508
"5086","KRAS CDE Pos","TMEM65","CACCAAAGCAAGTTGACATG",184.6414858,3.777829747,0.0204603517494008,3529,264.6179255,0,0,80,3449
"4638","KRAS CDE Pos","SLC35D3","CCACCGAGATGCCCAGCACG",157.1683494,7.480614267,0.0475961877538176,3898,142.3293536,0,0,465,3433
"4108","KRAS CDE Pos","RAPGEF3","GCTCTTTGAACCACACAGCA",65.15251404,15.41149989,0.236544976308024,4439,79.6952899,0,0,1014,3425
"402","KRAS CDE Pos","B3GAT1","CACGCTGCCCACCATCCACG",429.9157496,7.630704719,0.0177493025693981,3467,302.507255,0,0,45,3422
"1433","KRAS CDE Pos","EID2","TGCCTAAAACGCTAAGTGGG",45.00243406,6.774510281,0.150536530356732,4308,89.19918491,0,0,907,3401
"1363","KRAS CDE Pos","DRAXIN","GGTCAATGTGATTCTCAGGG",470.3725252,10.70243048,0.0227530944232965,3575,207.750624,0,0,199,3376
"2300","KRAS CDE Pos","JAM3","TTCAAATTCCTGTACCACTG",248.9114263,4.987076178,0.0200355453830767,3523,228.3229211,0,0,153,3370
"1999","KRAS CDE Pos","HIST3H2A","GCCACCCTGCTTACCACGAC",140.7518789,7.705749945,0.0547470485312292,3940,127.7430494,0,0,573,3367
"1796","KRAS CDE Pos","GMPPA","TGAGAATCCACAGACACACG",78.98035128,73.20462448,0.926871345766443,4759,41.67302622,0,0,1395,3364
"4500","KRAS CDE Pos","SIAE","TTTCAGCTCACTCTGATACG",64.74493291,150.6902211,2.32744423891009,4925,20.93452443,0,0,1571,3354
"593","KRAS CDE Pos","C5orf46","GAAGCACTTACCTGCATAGC",119.2805112,99.45665411,0.833804727272161,4742,42.19455318,0,0,1391,3351
"2005","KRAS CDE Pos","HLA-DQB1","AGGTGACAGTTGCTACCCGA",67.08984337,6.421458287,0.0957143132915918,4157,98.03209423,0,0,822,3335
"681","KRAS CDE Pos","CBWD1","TCCAGAGTGGATGCACAAAG",238.9395679,11.05548247,0.0462689481158972,3880,131.775721,0,0,549,3331
"3926","KRAS CDE Pos","PRMT8","TGCCCACTTTGGGATCCACG",333.9381484,123.4113186,0.369563403256865,4555,59.79052597,0,0,1231,3324
"1391","KRAS CDE Pos","DUSP2","GCTGCTGCACGAGACCCGCG",85.1034734,5.13716663,0.0603637715919595,3974,116.4984541,0,0,663,3311
"680","KRAS CDE Pos","CBWD1","GCAACATAGTAAAAGAGTAG",75.03205471,41.52543026,0.553435867117013,4655,46.21070032,0,0,1356,3299
"4389","KRAS CDE Pos","SCLY","AGAGGTGGACGACATCCTCG",62.45186725,1.562298425,0.0250160402529838,3609,170.2365939,0,0,325,3284
"1984","KRAS CDE Pos","HAND1","TCGACTGGGCCCAGGGCAGG",343.153932,29.1106109,0.0848325144646747,4113,97.43749035,0,0,830,3283
"935","KRAS CDE Pos","CNR2","GCAGAGGTATCGGTCAATGG",251.0157272,5.062121404,0.0201665507594538,3525,191.8055286,0,0,242,3283
"4134","KRAS CDE Pos","RBP1","CAGAGCCCCCTGTCCCCGGA",134.8755929,18.83627764,0.139656680908648,4282,80.17032679,0,0,1004,3278
"3691","KRAS CDE Pos","PEAK1","GGGCTAGTCACTAATTTGGA",72.89560476,7.705749945,0.105709390440895,4187,87.28912266,0,0,926,3261
"2904","KRAS CDE Pos","NAT16","GGTGAACGTGATCGACGCCG",101.3436324,5.918315842,0.0583984972893077,3963,109.6220971,0,0,712,3251
"4028","KRAS CDE Pos","PTPN5","GTATTGGCCGGAGGAGCAGG",27.37980267,18.76123242,0.685221608282687,4701,35.01597381,0,0,1451,3250
"5473","KRAS CDE Pos","YIPF5","GCAGATTTACCAGCCAACTC",149.8038041,19.54238163,0.130453173385068,4260,78.9678256,0,0,1020,3240
"1903","KRAS CDE Pos","GPR158","TGAGCACAGCTTGGATCCAG",175.7949078,378.8164141,2.1548770600965,4908,328.0758862,0.309854616,0.00094446019666044,1710,3198
"4174","KRAS CDE Pos","RERGL","AGAAGCACTTGTGTTTGGAA",254.3417555,14.55530545,0.0572273530997155,3955,98.66657838,0,0,812,3143
"1010","KRAS CDE Pos","CR1","CAAAACGGGCATTACATTGG",128.0659045,5.993361068,0.0467990375065051,3885,105.7588612,0,0,747,3138
"3967","KRAS CDE Pos","PTGIR","CCCTGACAGCAGCAGTGAGA",105.8498992,119.7767906,1.13157207994772,4790,263.3588719,0.215087807,0.000816709934426173,1657,3133
"3968","KRAS CDE Pos","PTGIR","CGACAGCCTGGGTGAAGCAG",81.23192803,0.781149212,0.00961628304219877,3180,283.4562798,0,0,59,3121
"387","KRAS CDE Pos","ATXN7L2","GGCACCTCAGCACACACATG",242.1660359,2.568583315,0.0106067033944457,3230,225.6687224,0,0,161,3069
"2536","KRAS CDE Pos","LRRN1","TTTCCTAGACTGTCGAGCCA",202.4591085,126.0975612,0.622829776018697,4683,298.2851705,0.215087807,0.000721081127296605,1623,3060
"478","KRAS CDE Pos","BTNL9","ACGATGGCTTCAAACTCTGG",312.0114842,325.3793069,1.04284400856037,4775,216.4605138,0.215087807,0.000993658396277908,1729,3046
"1620","KRAS CDE Pos","FEZ2","AAACCCCTACACAGTCAGAT",108.2176188,6.849555507,0.0632942729931884,3997,83.05036604,0,0,966,3031
"4508","KRAS CDE Pos","SIAH2","GGCTATGGAGAAGGTGGCCT",162.2201333,57.90052689,0.356925652273521,4546,26.92051732,0,0,1530,3016
"4582","KRAS CDE Pos","SLC26A9","CCACTGCCACACCATAGGGC",81.18421253,14.12720823,0.174014229980731,4349,47.08439227,0,0,1349,3000
"910","KRAS CDE Pos","CLDN23","GACGTCCACCGAGTTGGTGT",27.16822885,0.706103987,0.0259900632793735,3627,120.1225559,0,0,632,2995
"107","KRAS CDE Pos","AGFG1","ACCAACAGGAGCTTTACCTG",152.7647562,1.134201206,0.00742449524493137,3026,308.9684324,0,0,40,2986
"1243","KRAS CDE Pos","DEPDC1B","CTTAGCACGAAAAAGCTCCA",275.7726503,23.11724983,0.0838272026063928,4110,70.18478508,0,0,1127,2983
"2792","KRAS CDE Pos","MTF2","TTTCTTGTATATGGGCCAGG",55.47832058,0.428097219,0.00771647761728262,3056.5,262.0965134,0,0,84,2972.5
"939","KRAS CDE Pos","CNR2","GGTAGGAGACTAGTGCTGAG",59.87568718,2.568583315,0.0428986026879032,3853,90.30532723,0,0,888,2965
"348","KRAS CDE Pos","ATAD3A","CGAGCAGATCCGCCTGAAGG",339.757379,289.3134724,0.851529621671587,4747,280.2738705,0.309854616,0.00110554228778883,1789,2958
"4755","KRAS CDE Pos","SNRPF","AGGAAAGGTTTGGGATTGAG",296.5408692,8.133847164,0.0274290932846568,3656,111.0206947,0,0,701,2955
"1241","KRAS CDE Pos","DEPDC1B","CCACCGCAGACAGCTGACAG",202.5524422,5.565263849,0.0274756689603617,3659,109.6553676,0,0,711,2948
"4808","KRAS CDE Pos","SPEN","CCCCACTAAGGATCGCCCAG",81.12614113,1.134201206,0.0139807118914051,3364,147.3920072,0,0,439,2925
"4036","KRAS CDE Pos","PXDNL","GCAGGGTGTACAGATGTTAG",350.3515057,1468.598153,4.19178490489359,4995,126.6301496,0.215087807,0.00169855131403872,2078,2917
"2767","KRAS CDE Pos","MRVI1","GCAACGCTGACCCTCCGGCG",215.3638993,17.55198599,0.081499202266719,4097,63.41800657,0,0,1193,2904
"219","KRAS CDE Pos","ANKRD45","GCTCTCACAGGGGATGTAGA",48.69766792,16.26769433,0.334054894717431,4530,288.4025975,0.215087807,0.000745790117233601,1636,2894
"3941","KRAS CDE Pos","PRSS16","GCATGTGCTAAGTGTAACAC",325.5696762,491.8254831,1.51066121648832,4852,297.092584,0.430175615,0.00144795137329985,1960,2892
"5107","KRAS CDE Pos","TNFSF18","GACTGCTAAGGAGCCCTGTA",76.59083862,8.990041602,0.117377505769371,4227,48.22042634,0,0,1338,2889
"112","KRAS CDE Pos","AGFG1","CCATTTCAGACCAATGCCAG",83.26259107,4.280972192,0.0514153131314509,3919,77.64237871,0,0,1034,2885
"683","KRAS CDE Pos","CBWD1","TGTATTTCAAACGTGCCGCT",200.9418135,6.849555507,0.0340872583346124,3756,90.37179435,0,0,887,2869
"790","KRAS CDE Pos","CDCA4","TGTCCTCATACAGCCTGCAG",488.9254457,165.2062328,0.337896573502065,4533,259.1267989,0.215087807,0.000830048485579467,1665,2868
"1744","KRAS CDE Pos","GH1","TGCCTGCCCTGGCTTCAAGA",195.9989299,5.993361068,0.0305785397453846,3711,92.61742327,0,0,862,2849
